<?xml version='1.0' encoding='utf-8'?>
<!DOCTYPE hibernate-configuration PUBLIC
        "-//Hibernate/Hibernate Configuration DTD 3.0//EN"
        "http://www.hibernate.org/dtd/hibernate-configuration-3.0.dtd">

  <hibernate-configuration>
   <session-factory>
        <!-- Database connection settings -->
        <property name="hibernate.connection.driver_class">com.mysql.cj.jdbc.Driver</property>
        <property name="hibernate.connection.url">jdbc:mysql://localhost:3306/HiberBank</property>
        <property name="hibernate.connection.username">root</property>
        <property name="hibernate.connection.password">Mundru@798</property>

        <!-- Hibernate dialect for MySQL 8 -->
        <property name="hibernate.dialect">org.hibernate.dialect.MySQL8Dialect</property>

        <!-- Automatically update database schema (use 'validate' or 'create' if you prefer strict modes) -->
        <property name="hibernate.hbm2ddl.auto">update</property>

        <!-- Hibernate logging and SQL output -->
        <property name="hibernate.show_sql">true</property>
        <property name="hibernate.format_sql">true</property>

        <!-- JDBC connection pool size -->
        <property name="hibernate.connection.pool_size">5</property>

        <!-- Entity mappings -->
        <mapping class="com.hiberbank.model.Bank"/>
        <mapping class="com.hiberbank.model.Branch"/>
        <mapping class="com.hiberbank.model.Customer"/>
        <mapping class="com.hiberbank.model.Account"/>
        <mapping class="com.hiberbank.model.Loan"/>
        <mapping class="com.hiberbank.model.TransactionRecord"/>
        <mapping class="com.hiberbank.model.Employee"/>
        <mapping class="com.hiberbank.model.Department"/>
        <mapping class="com.hiberbank.model.Card"/>
        
    </session-factory>
</hibernate-configuration>
