<?xml version="1.0" encoding="UTF-8"?>
<hibernate-configuration>
<session-factory>
<!-- Database Connection Settings -->
<property name="hibernate.connection.driver_class">com.mysql.cj.jdbc.Driver</property>
<property name="hibernate.connection.url">jdbc:mysql://localhost:3306/Rajesh2</property>
<property name="hibernate.connection.username">root</property>
<property name="hibernate.connection.password">Rajesh23@</property>
<!-- Hibernate Settings -->
<property name="hibernate.dialect">org.hibernate.dialect.MySQL8Dialect</property>
<property name="hibernate.show_sql">true</property>
<property name="hibernate.hbm2ddl.auto">update</property>
<!-- Mapping POJO Class -->
        <mapping class="com.example.hms.model.Department"/>
        <mapping class="com.example.hms.model.Doctor"/>
        <mapping class="com.example.hms.model.Patient"/>
        <mapping class="com.example.hms.model.Appointment"/>
        <mapping class="com.example.hms.model.Bill"/>
        <mapping class="com.example.hms.model.Nurse"/>
        <mapping class="com.example.hms.model.Prescription"/>
        <mapping class="com.example.hms.model.LabReport"/>
        <mapping class="com.example.hms.model.Room"/>
        <mapping class="com.example.hms.model.Schedule"/>
</session-factory>
</hibernate-configuration>